{"cameraMode":{"drawMode":0,"name":"Shaded","section":"Shading Mode"},"sceneLighting":true,"audioPlay":false,"sceneViewState":{"m_AlwaysRefresh":false,"showFog":true,"showSkybox":true,"showFlares":true,"showImageEffects":true,"showParticleSystems":true,"showVisualEffectGraphs":true,"m_FxEnabled":true},"in2DMode":false,"pivot":{"x":-1.627790927886963,"y":-0.8259148597717285,"z":1.7065486907958985},"rotation":{"x":-0.22026444971561433,"y":0.41812923550605776,"z":-0.10521330684423447,"w":-0.8748980164527893},"size":9.655739784240723,"orthographic":false}